Number,Year,Title,Genre,Rated,Type,imdbRating,Runtime,Director,Writer,Actors,Language,Country,Awards,imdbVotes,imdbID,NetflixRating
187,2002.0,Death to Smoochy,"Comedy, Crime, Drama",R,movie,6.4,109 min,Danny DeVito,Adam Resnick,"Robin Williams, Edward Norton, Catherine Keener, Danny DeVito",English,"UK, Germany, USA",2 nominations.,"34,824",tt0266452,2.0
273,2004.0,Taxi,"Action, Comedy, Crime",PG-13,movie,4.4,97 min,Tim Story,"Luc Besson (earlier screenplay), Robert Ben Garant (screenplay), Thomas Lennon (screenplay), Jim Kouf (screenplay)","Queen Latifah, Jimmy Fallon, Henry Simmons, Jennifer Esposito","English, Portuguese, Spanish","USA, France",2 wins & 6 nominations.,"33,247",tt0316732,4.0
353,2002.0,Life or Something Like It,"Comedy, Romance",PG-13,movie,5.8,103 min,Stephen Herek,"John Scott Shepherd (story), John Scott Shepherd (screenplay), Dana Stevens (screenplay)","Angelina Jolie, Edward Burns, Tony Shalhoub, Christian Kane",English,USA,1 nomination.,"19,485",tt0282687,3.0
413,2002.0,Igby Goes Down,"Comedy, Drama",R,movie,7.0,98 min,Burr Steers,Burr Steers,"Kieran Culkin, Claire Danes, Jeff Goldblum, Jared Harris",English,USA,Nominated for 2 Golden Globes. Another 7 wins & 15 nominations.,"29,220",tt0280760,4.0
457,2004.0,Kill Bill: Vol. 2,"Action, Crime, Drama",R,movie,8.0,137 min,Quentin Tarantino,"Quentin Tarantino, Quentin Tarantino (character The Bride), Uma Thurman (character The Bride)","Vivica A. Fox, Ambrosia Kelley, Michael Parks, James Parks","English, Cantonese, Mandarin, Spanish",USA,Nominated for 2 Golden Globes. Another 21 wins & 72 nominations.,"518,936",tt0378194,3.0
483,2001.0,Rush Hour 2,"Action, Comedy, Crime",PG-13,movie,6.6,90 min,Brett Ratner,"Ross LaManna (characters), Jeff Nathanson","Jackie Chan, Chris Tucker, John Lone, Ziyi Zhang","English, Mandarin, Cantonese","USA, Hong Kong",10 wins & 21 nominations.,"162,056",tt0266915,3.0
495,2000.0,Mission Kashmir,"Drama, Thriller",R,movie,6.8,154 min,Vidhu Vinod Chopra,"Vikram Chandra (story), Vidhu Vinod Chopra (story), Abhijat Joshi (screenplay), Abhijat Joshi (story), Suketu Mehta (screenplay), Suketu Mehta (story), Atul Tiwari (dialogue)","Sanjay Dutt, Hrithik Roshan, Preity Zinta, Sonali Kulkarni","Hindi, Urdu, English",India,8 wins & 20 nominations.,"4,727",tt0248185,3.0
563,2001.0,Jimmy Neutron: Boy Genius,"Animation, Action, Adventure",G,movie,6.0,82 min,John A. Davis,"John A. Davis (story), Steve Oedekerk (story), John A. Davis (screenplay), David N. Weiss (screenplay), J. David Stem (screenplay), Steve Oedekerk (screenplay), Dan Schneider (contributing writer)","Megan Cavanagh, Mark DeCarlo, Debi Derryberry, Jeffrey Garcia",English,USA,Nominated for 1 Oscar. Another 5 nominations.,"24,286",tt0268397,3.0
571,1999.0,American Beauty,"Drama, Romance",R,movie,8.4,122 min,Sam Mendes,Alan Ball,"Kevin Spacey, Annette Bening, Thora Birch, Wes Bentley",English,USA,Won 5 Oscars. Another 103 wins & 96 nominations.,"833,800",tt0169547,4.0
746,2001.0,Domestic Disturbance,"Crime, Mystery, Thriller",PG-13,movie,5.5,89 min,Harold Becker,"Lewis Colick (story), William S. Comanor (story), Gary Drucker (story), Lewis Colick (screenplay)","John Travolta, James Lashly, Rebecca Tilney, Debra Mooney",English,USA,1 win & 3 nominations.,"21,346",tt0249478,4.0
862,2002.0,Tuck Everlasting,"Drama, Romance, Family",PG,movie,6.7,90 min,Jay Russell,"Natalie Babbitt (novel), Jeffrey Lieber (screenplay), James V. Hart (screenplay)","Alexis Bledel, William Hurt, Sissy Spacek, Jonathan Jackson","English, French",USA,1 win & 3 nominations.,"18,162",tt0283084,4.0
962,2002.0,I Spy,"Action, Adventure, Comedy",PG-13,movie,5.4,97 min,Betty Thomas,"Morton S. Fine (characters), David Friedkin (characters), Marianne Wibberley (story), Cormac Wibberley (story), Marianne Wibberley (screenplay), Cormac Wibberley (screenplay), Jay Scherick (screenplay), David Ronn (screenplay)","Eddie Murphy, Owen Wilson, Famke Janssen, Malcolm McDowell","English, Hungarian, Russian",USA,2 wins & 5 nominations.,"41,966",tt0297181,3.0
1068,1998.0,Ringu,"Horror, Mystery, Sci-Fi",UNRATED,movie,7.3,96 min,Hideo Nakata,"Hiroshi Takahashi (screenplay), Kôji Suzuki (novel)","Nanako Matsushima, Miki Nakatani, Yûko Takeuchi, Hitomi Satô",Japanese,Japan,6 wins & 1 nomination.,"51,091",tt0178868,3.0
1073,2005.0,Coach Carter,"Drama, Sport",PG-13,movie,7.2,136 min,Thomas Carter,"Mark Schwahn, John Gatins","Samuel L. Jackson, Rob Brown, Robert Ri'chard, Rick Gonzalez",English,"USA, Germany",3 wins & 15 nominations.,"93,228",tt0393162,4.0
1110,2003.0,Secondhand Lions,"Comedy, Drama, Family",PG,movie,7.6,109 min,Tim McCanlies,Tim McCanlies,"Michael Caine, Robert Duvall, Haley Joel Osment, Kyra Sedgwick",English,USA,6 nominations.,"43,550",tt0327137,3.0
1138,2003.0,Freddy vs. Jason,"Action, Horror, Thriller",R,movie,5.8,97 min,Ronny Yu,"Wes Craven (characters), Victor Miller (characters), Damian Shannon, Mark Swift","Robert Englund, Ken Kirzinger, Monica Keena, Jason Ritter",English,"USA, Canada, Italy",2 wins & 7 nominations.,"89,810",tt0329101,2.0
1176,2001.0,The Devil's Backbone,"Drama, Fantasy, Horror",R,movie,7.5,106 min,Guillermo del Toro,"Guillermo del Toro, Antonio Trashorras, David Muñoz","Marisa Paredes, Eduardo Noriega, Federico Luppi, Fernando Tielve",Spanish,"Spain, Mexico, France, Argentina",6 wins & 7 nominations.,"48,051",tt0256009,2.0
1180,2001.0,A Beautiful Mind,"Biography, Drama",PG-13,movie,8.2,135 min,Ron Howard,"Akiva Goldsman, Sylvia Nasar (book)","Russell Crowe, Ed Harris, Jennifer Connelly, Christopher Plummer",English,USA,Won 4 Oscars. Another 33 wins & 63 nominations.,"619,615",tt0268978,4.0
1307,2003.0,S.W.A.T.,"Action, Adventure, Crime",PG-13,movie,6.0,117 min,Clark Johnson,"Robert Hamner (characters), Ron Mita (story), Jim McClain (story), David Ayer (screenplay), David McKenna (screenplay)","Samuel L. Jackson, Colin Farrell, Michelle Rodriguez, LL Cool J","English, Spanish, French",USA,5 wins & 5 nominations.,"120,760",tt0257076,3.0
1428,2003.0,The Recruit,"Action, Drama, Mystery",PG-13,movie,6.6,115 min,Roger Donaldson,"Roger Towne, Kurt Wimmer, Mitch Glazer","Al Pacino, Colin Farrell, Bridget Moynahan, Gabriel Macht","English, Persian, Russian",USA,2 nominations.,"114,194",tt0292506,3.0
1590,2001.0,Life as a House,Drama,R,movie,7.5,125 min,Irwin Winkler,Mark Andrus,"Kevin Kline, Kristin Scott Thomas, Hayden Christensen, Jena Malone",English,USA,Nominated for 1 Golden Globe. Another 2 wins & 8 nominations.,"39,264",tt0264796,3.0
1637,2002.0,Trapped,"Crime, Drama, Thriller",R,movie,6.2,106 min,Luis Mandoki,"Greg Iles (novel), Greg Iles (screenplay)","Charlize Theron, Courtney Love, Stuart Townsend, Kevin Bacon",English,"USA, Germany",0,"19,642",tt0280380,3.0
1962,2004.0,50 First Dates,"Comedy, Romance",PG-13,movie,6.8,99 min,Peter Segal,George Wing,"Adam Sandler, Drew Barrymore, Rob Schneider, Sean Astin","English, Hawaiian, Mandarin, Turkish",USA,6 wins & 9 nominations.,"268,524",tt0343660,5.0
2012,2002.0,The Importance of Being Earnest,"Comedy, Drama, Romance",PG,movie,6.9,97 min,Oliver Parker,"Oscar Wilde (play), Oliver Parker (screenplay)","Rupert Everett, Colin Firth, Frances O'Connor, Reese Witherspoon","English, German","UK, USA",2 wins & 2 nominations.,"19,137",tt0278500,3.0
2112,2003.0,Identity,"Mystery, Thriller",R,movie,7.3,90 min,James Mangold,Michael Cooney,"John Cusack, Ray Liotta, Amanda Peet, John Hawkes",English,USA,1 win & 8 nominations.,"180,088",tt0309698,2.0
2200,2002.0,Collateral Damage,"Action, Drama, Thriller",R,movie,5.5,108 min,Andrew Davis,"Ronald Roose (story), David Griffiths (story), Peter Griffiths (story), David Griffiths (screenplay), Peter Griffiths (screenplay)","Arnold Schwarzenegger, Francesca Neri, Elias Koteas, Cliff Curtis","English, Spanish",USA,0,"61,830",tt0233469,3.0
2391,2004.0,Along Came Polly,"Comedy, Romance",PG-13,movie,5.9,90 min,John Hamburg,John Hamburg,"Ben Stiller, Jennifer Aniston, Philip Seymour Hoffman, Debra Messing","English, Spanish",USA,1 win & 8 nominations.,"107,767",tt0343135,3.0
2452,2001.0,Lord of the Rings: The Fellowship of the Ring,"Action, Adventure, Drama",PG-13,movie,8.8,178 min,Peter Jackson,"J.R.R. Tolkien (novel), Fran Walsh (screenplay), Philippa Boyens (screenplay), Peter Jackson (screenplay)","Alan Howard, Noel Appleby, Sean Astin, Sala Baker","English, Sindarin","New Zealand, USA",Won 4 Oscars. Another 108 wins & 122 nominations.,"1,252,518",tt0120737,4.0
2705,2001.0,How High,"Comedy, Fantasy",R,movie,6.2,93 min,Jesse Dylan,Dustin Lee Abraham,"Method Man, Redman, Obba Babatundé, Mike Epps",English,USA,0,"43,121",tt0278488,3.0
2734,2001.0,From Hell,"Horror, Mystery, Thriller",R,movie,6.8,122 min,"Albert Hughes, Allen Hughes","Alan Moore (graphic novel), Eddie Campbell (graphic novel), Terry Hayes (screenplay), Rafael Yglesias (screenplay)","Johnny Depp, Heather Graham, Ian Holm, Robbie Coltrane",English,USA,9 nominations.,"126,142",tt0120681,3.0
2743,2002.0,The Pianist,"Biography, Drama, War",R,movie,8.5,150 min,Roman Polanski,"Ronald Harwood (screenplay), Wladyslaw Szpilman (book)","Adrien Brody, Emilia Fox, Michal Zebrowski, Ed Stoppard","English, German, Russian","France, Poland, Germany, UK",Won 3 Oscars. Another 52 wins & 70 nominations.,"503,532",tt0253474,5.0
2800,2001.0,Serendipity,"Comedy, Romance",PG-13,movie,6.9,90 min,Peter Chelsom,Marc Klein,"John Cusack, Kate Beckinsale, Jeremy Piven, Bridget Moynahan","English, French",USA,3 nominations.,"85,745",tt0240890,2.0
2874,2003.0,Elf,"Comedy, Family, Fantasy",PG,movie,6.9,97 min,Jon Favreau,David Berenbaum,"Will Ferrell, James Caan, Bob Newhart, Edward Asner",English,"USA, Germany",2 wins & 7 nominations.,"148,476",tt0319343,2.0
2899,2004.0,Riding Giants,"Documentary, History, Sport",PG-13,movie,7.9,105 min,Stacy Peralta,"Stacy Peralta, Sam George","Jeff Clark, Darrick Doerner, Sarah Gerhardt, Laird John Hamilton",English,"USA, France",1 win & 1 nomination.,"3,868",tt0389326,4.0
3111,2000.0,Nora,"Biography, Drama",R,movie,6.1,106 min,Pat Murphy,"Brenda Maddox (based on the biography: written by), Pat Murphy, Gerard Stembridge","Susan Lynch, Andrew Scott, Vinnie McCabe, Veronica Duffy","English, Italian","Ireland, UK, Italy, Germany",3 wins & 7 nominations.,"1,346",tt0158033,3.0
3151,2004.0,Napoleon Dynamite,Comedy,PG,movie,6.9,96 min,Jared Hess,"Jared Hess, Jerusha Hess","Jon Heder, Jon Gries, Aaron Ruell, Efren Ramirez",English,USA,10 wins & 22 nominations.,"162,977",tt0374900,4.0
3254,2003.0,Daredevil,"Action, Crime, Drama",PG-13,movie,5.3,103 min,Mark Steven Johnson,Mark Steven Johnson (screenplay),"Ben Affleck, Jennifer Garner, Colin Farrell, Michael Clarke Duncan","English, Greek, Italian",USA,5 wins & 16 nominations.,"177,244",tt0287978,3.0
3320,2002.0,About a Boy,"Comedy, Drama, Romance",PG-13,movie,7.1,101 min,"Chris Weitz, Paul Weitz","Nick Hornby (novel), Peter Hedges (screenplay), Chris Weitz (screenplay), Paul Weitz (screenplay)","Hugh Grant, Nicholas Hoult, Sharon Small, Madison Cook",English,"UK, USA, France, Germany",Nominated for 1 Oscar. Another 11 wins & 28 nominations.,"144,441",tt0276751,3.0
3333,2004.0,The Village,"Drama, Mystery, Thriller",PG-13,movie,6.5,108 min,M. Night Shyamalan,M. Night Shyamalan,"Bryce Dallas Howard, Joaquin Phoenix, Adrien Brody, William Hurt",English,USA,Nominated for 1 Oscar. Another 4 wins & 21 nominations.,"195,370",tt0368447,3.0
3385,2002.0,28 Days Later,"Drama, Horror, Sci-Fi",R,movie,7.6,113 min,Danny Boyle,Alex Garland,"Alex Palmer, Bindu De Stoppani, Jukka Hiltunen, David Schneider","English, Spanish",UK,9 wins & 27 nominations.,"300,822",tt0289043,3.0
3427,2002.0,Men in Black II,"Action, Adventure, Comedy",PG-13,movie,6.1,88 min,Barry Sonnenfeld,"Lowell Cunningham (comic book ""Malibu Comics""), Robert Gordon (story), Robert Gordon (screenplay), Barry Fanaro (screenplay)","Tommy Lee Jones, Will Smith, Rip Torn, Lara Flynn Boyle",English,USA,4 wins & 12 nominations.,"271,951",tt0120912,3.0
3434,2002.0,The Mothman Prophecies,"Drama, Horror, Mystery",PG-13,movie,6.5,119 min,Mark Pellington,"Richard Hatem (screenplay), John A. Keel (novel)","Richard Gere, David Eigenberg, Bob Tracey, Ron Emanuel",English,USA,1 win & 2 nominations.,"64,207",tt0265349,3.0
3505,2001.0,Freddy Got Fingered,Comedy,R,movie,4.5,87 min,Tom Green,"Tom Green, Derek Harvie","Tom Green, Rip Torn, Marisa Coughlan, Eddie Kaye Thomas",English,USA,12 wins & 5 nominations.,"39,956",tt0240515,1.0
3626,2002.0,25th Hour,Drama,R,movie,7.7,135 min,Spike Lee,"David Benioff (novel), David Benioff (screenplay)","Edward Norton, Philip Seymour Hoffman, Barry Pepper, Rosario Dawson",English,USA,Nominated for 1 Golden Globe. Another 4 wins & 14 nominations.,"150,830",tt0307901,3.0
3638,2003.0,Bad Boys II,"Action, Comedy, Crime",R,movie,6.6,147 min,Michael Bay,"George Gallo (characters), Marianne Wibberley (story), Cormac Wibberley (story), Ron Shelton (story), Ron Shelton (screenplay), Jerry Stahl (screenplay)","Martin Lawrence, Will Smith, Jordi Mollà, Gabrielle Union","English, Spanish",USA,5 wins & 12 nominations.,"179,672",tt0172156,3.0
3686,2001.0,Good Advice,"Comedy, Romance",R,movie,6.2,93 min,Steve Rash,"Daniel Margosis, Robert Horn","Charlie Sheen, Angie Harmon, Denise Richards, Jon Lovitz",English,USA,0,"5,832",tt0243931,3.0
3689,2005.0,The Amityville Horror,"Drama, Horror, Mystery",R,movie,6.0,90 min,Andrew Douglas,"Scott Kosar (screenplay), Jay Anson (novel), Sandor Stern (earlier screenplay), George Lutz (material), Kathy Lutz (material)","Ryan Reynolds, Melissa George, Jesse James, Jimmy Bennett",English,USA,2 wins & 4 nominations.,"81,950",tt0384806,4.0
3713,2004.0,Saw,"Horror, Mystery, Thriller",R,movie,7.7,103 min,James Wan,"Leigh Whannell, James Wan (story), Leigh Whannell (story)","Leigh Whannell, Cary Elwes, Danny Glover, Ken Leung",English,USA,8 wins & 10 nominations.,"302,070",tt0387564,4.0
3756,2002.0,About Schmidt,"Comedy, Drama",R,movie,7.2,125 min,Alexander Payne,"Louis Begley (novel), Alexander Payne (screenplay), Jim Taylor (screenplay)","Jack Nicholson, Kathy Bates, Hope Davis, Dermot Mulroney",English,USA,Nominated for 2 Oscars. Another 24 wins & 67 nominations.,"108,214",tt0257360,3.0
3825,2002.0,The Sum of All Fears,"Action, Drama, Thriller",PG-13,movie,6.4,124 min,Phil Alden Robinson,"Tom Clancy (novel), Paul Attanasio (screenplay), Daniel Pyne (screenplay)","Ian Mongrain, Russell Bobbitt, James Cromwell, Ken Jenkins","English, Russian, Ukrainian, German, Arabic","USA, Germany",2 wins & 4 nominations.,"87,145",tt0164184,4.0
3860,2003.0,Bruce Almighty,"Comedy, Drama, Fantasy",PG-13,movie,6.7,101 min,Tom Shadyac,"Steve Koren (story), Mark O'Keefe (story), Steve Koren (screenplay), Mark O'Keefe (screenplay), Steve Oedekerk (screenplay)","Jim Carrey, Morgan Freeman, Jennifer Aniston, Philip Baker Hall","English, Spanish",USA,7 wins & 8 nominations.,"301,455",tt0315327,3.0
3894,2004.0,Surviving Christmas,"Comedy, Romance",PG-13,movie,5.3,91 min,Mike Mitchell,"Deborah Kaplan (story), Harry Elfont (story), Deborah Kaplan (screenplay), Harry Elfont (screenplay), Jennifer Ventimilia (screenplay), Joshua Sternin (screenplay)","Ben Affleck, James Gandolfini, Christina Applegate, Catherine O'Hara","English, Spanish",USA,1 win & 4 nominations.,"17,396",tt0252028,3.0
3917,2004.0,Garden State,"Comedy, Drama, Romance",R,movie,7.6,102 min,Zach Braff,Zach Braff,"Zach Braff, Kenneth Graymez, George C. Wolfe, Austin Lysy","English, Klingon",USA,13 wins & 37 nominations.,"188,415",tt0333766,3.0
3934,2002.0,The Original Latin Kings of Comedy,"Documentary, Comedy",R,movie,6.8,86 min,Jeb Brien,"George Lopez, Cheech Marin, Paul Rodriguez","Nayib Estefan, George Lopez, Cheech Marin, Joey Medina","Spanish, English",USA,0,268,tt0332720,3.0
3966,2004.0,Friday Night Lights,"Action, Drama, Sport",PG-13,movie,7.3,118 min,Peter Berg,"Buzz Bissinger (book), David Aaron Cohen (screenplay), Peter Berg (screenplay)","Billy Bob Thornton, Lucas Black, Garrett Hedlund, Derek Luke",English,USA,2 wins & 5 nominations.,"47,677",tt0390022,4.0
4043,2002.0,Signs,"Drama, Mystery, Sci-Fi",PG-13,movie,6.7,106 min,M. Night Shyamalan,M. Night Shyamalan,"Mel Gibson, Joaquin Phoenix, Rory Culkin, Abigail Breslin","English, Portuguese",USA,3 wins & 30 nominations.,"273,481",tt0286106,3.0
4089,1987.0,Innerspace,"Action, Adventure, Comedy",PG,movie,6.7,120 min,Joe Dante,"Chip Proser (story), Jeffrey Boam (screenplay), Chip Proser (screenplay)","Dennis Quaid, Martin Short, Meg Ryan, Kevin McCarthy",English,USA,Won 1 Oscar. Another 1 win & 4 nominations.,"42,261",tt0093260,3.0
4149,2004.0,Scooby-Doo 2: Monsters Unleashed,"Adventure, Comedy, Family",PG,movie,4.9,93 min,Raja Gosnell,"William Hanna (characters), Joseph Barbera (characters), James Gunn","Freddie Prinze Jr., Sarah Michelle Gellar, Matthew Lillard, Linda Cardellini",English,"USA, Canada",1 win & 2 nominations.,"33,451",tt0331632,4.0
4159,2002.0,Barbershop,"Comedy, Drama",PG-13,movie,6.3,102 min,Tim Story,"Mark Brown (story), Mark Brown (screenplay), Don D. Scott (screenplay), Marshall Todd (screenplay)","Ice Cube, Anthony Anderson, Cedric the Entertainer, Sean Patrick Thomas",English,USA,1 win & 17 nominations.,"22,508",tt0303714,5.0
4266,2004.0,The Passion of the Christ,Drama,R,movie,7.1,127 min,Mel Gibson,"Benedict Fitzgerald (screenplay), Mel Gibson (screenplay)","Jim Caviezel, Maia Morgenstern, Christo Jivkov, Francesco De Vito","Aramaic, Latin, Hebrew",USA,Nominated for 3 Oscars. Another 25 wins & 20 nominations.,"180,590",tt0335345,5.0
4315,2004.0,In Good Company,"Comedy, Drama, Romance",PG-13,movie,6.5,109 min,Paul Weitz,Paul Weitz,"Dennis Quaid, Topher Grace, Scarlett Johansson, Marg Helgenberger",English,USA,2 wins & 7 nominations.,"49,063",tt0385267,3.0
4372,2001.0,To End All Wars,"Action, Drama, War",R,movie,7.1,117 min,David L. Cunningham,"Ernest Gordon (book), Brian Godawa (screenplay)","Ciarán McMenamin, Robert Carlyle, Kiefer Sutherland, Mark Strong","English, Japanese",USA,3 wins & 4 nominations.,"8,843",tt0243609,4.0
4389,2003.0,A Man Apart,"Action, Crime, Drama",R,movie,6.1,109 min,F. Gary Gray,"Christian Gudegast, Paul Scheuring","Vin Diesel, Larenz Tate, Timothy Olyphant, Geno Silva","English, Spanish","USA, Germany",1 nomination.,"38,640",tt0266465,3.0
4429,2002.0,Undisputed,"Action, Crime, Drama",R,movie,6.2,94 min,Walter Hill,"David Giler, Walter Hill","Wesley Snipes, Ving Rhames, Peter Falk, Michael Rooker",English,"USA, Germany",2 nominations.,"21,880",tt0281322,2.0
4660,2001.0,The Shipping News,Drama,R,movie,6.8,111 min,Lasse Hallström,"Annie Proulx (based on the novel by), Robert Nelson Jacobs (screenplay)","Kevin Spacey, Julianne Moore, Judi Dench, Cate Blanchett",English,USA,Nominated for 2 Golden Globes. Another 2 wins & 10 nominations.,"28,647",tt0120824,3.0
4745,2003.0,Bringing Down the House,Comedy,PG-13,movie,5.6,105 min,Adam Shankman,Jason Filardi,"Steve Martin, Queen Latifah, Eugene Levy, Joan Plowright",English,USA,4 wins & 13 nominations.,"30,242",tt0305669,3.0
4951,2003.0,Runaway Jury,"Drama, Thriller",PG-13,movie,7.1,127 min,Gary Fleder,"John Grisham (novel), Brian Koppelman (screenplay), David Levien (screenplay), Rick Cleveland (screenplay), Matthew Chapman (screenplay)","John Cusack, Gene Hackman, Dustin Hoffman, Rachel Weisz","English, French, Italian",USA,3 nominations.,"77,091",tt0313542,3.0
5042,2003.0,Deliver Us From Eva,"Comedy, Drama, Romance",R,movie,6.1,105 min,Gary Hardwick,"James Iver Mattson (story), B.E. Brauner (story), James Iver Mattson (screenplay), B.E. Brauner (screenplay), Gary Hardwick (screenplay)","LL Cool J, Gabrielle Union, Duane Martin, Essence Atkins",English,USA,4 wins & 12 nominations.,"4,520",tt0301181,3.0
5047,2001.0,Max Keeble's Big Move,"Comedy, Crime, Family",PG,movie,5.3,86 min,Tim Hill,"David L. Watts (story), Jonathan Bernstein (story), Mark Blackwell (story), James Greer (story), Jonathan Bernstein (screenplay), Mark Blackwell (screenplay), James Greer (screenplay)","Alex D. Linz, Larry Miller, Jamie Kennedy, Zena Grey",English,USA,1 win & 1 nomination.,"5,851",tt0273799,3.0
5071,2005.0,Fever Pitch,"Comedy, Drama, Romance",PG-13,movie,6.2,104 min,"Bobby Farrelly, Peter Farrelly","Lowell Ganz (screenplay), Babaloo Mandel (screenplay), Nick Hornby (novel)","Drew Barrymore, Jimmy Fallon, Jason Spevack, Jack Kehler",English,"USA, Germany",9 nominations.,"36,355",tt0332047,4.0
5239,2005.0,The Longest Yard,"Comedy, Crime, Sport",PG-13,movie,6.4,113 min,Peter Segal,"Albert S. Ruddy (story), Tracy Keenan Wynn, Sheldon Turner (screenplay)","Adam Sandler, Chris Rock, Burt Reynolds, Nelly",English,USA,2 wins & 17 nominations.,"131,501",tt0398165,3.0
5333,2002.0,Big Fat Liar,"Adventure, Comedy, Family",PG,movie,5.4,88 min,Shawn Levy,"Dan Schneider (story), Brian Robbins (story), Dan Schneider (screenplay)","Frankie Muniz, Paul Giamatti, Amanda Bynes, Amanda Detmer",English,"USA, Germany",1 win & 3 nominations.,"29,185",tt0265298,3.0
5545,2002.0,Bad Company,"Action, Adventure, Comedy",PG-13,movie,5.6,116 min,Joel Schumacher,"Gary M. Goodman (story), David Himmelstein (story), Jason Richman (screenplay), Michael Browning (screenplay)","Anthony Hopkins, Chris Rock, Peter Stormare, Gabriel Macht",English,"USA, Czech Republic",0,"39,960",tt0280486,2.0
5695,2003.0,Bad Santa,"Comedy, Crime, Drama",R,movie,7.1,91 min,Terry Zwigoff,"Glenn Ficarra, John Requa","Billy Bob Thornton, Tony Cox, Brett Kelly, Lauren Graham",English,"USA, Germany",Nominated for 1 Golden Globe. Another 1 win & 11 nominations.,"108,808",tt0307987,3.0
5699,2002.0,Joshua,Drama,G,movie,6.8,91 min,Jon Purdy,"Joseph F. Girzone (novel), Brad Mirman (screenplay), Keith Giglio (screenplay)","Tony Goldwyn, F. Murray Abraham, Kurt Fuller, Stacy Edwards",English,USA,0,"1,530",tt0271582,5.0
5895,2001.0,The Majestic,"Drama, Romance",PG,movie,6.9,152 min,Frank Darabont,Michael Sloane,"Jim Carrey, Bob Balaban, Jeffrey DeMunn, Hal Holbrook",English,USA,3 wins & 1 nomination.,"45,198",tt0268995,2.0
6030,2001.0,I Am Sam,Drama,PG-13,movie,7.6,132 min,Jessie Nelson,"Kristine Johnson, Jessie Nelson","Sean Penn, Michelle Pfeiffer, Dakota Fanning, Dianne Wiest",English,USA,Nominated for 1 Oscar. Another 8 wins & 10 nominations.,"122,868",tt0277027,4.0
6042,2004.0,Starsky & Hutch,"Comedy, Crime",PG-13,movie,6.1,101 min,Todd Phillips,"William Blinn (characters), Stevie Long (story), John O'Brien (story), John O'Brien (screenplay), Todd Phillips (screenplay), Scot Armstrong (screenplay)","Ben Stiller, Owen Wilson, Snoop Dogg, Fred Williamson","English, Korean",USA,3 wins & 9 nominations.,"121,493",tt0335438,3.0
6134,2004.0,Collateral,"Crime, Drama, Thriller",R,movie,7.6,120 min,Michael Mann,Stuart Beattie,"Tom Cruise, Jamie Foxx, Jada Pinkett Smith, Mark Ruffalo","English, Spanish",USA,Nominated for 2 Oscars. Another 22 wins & 64 nominations.,"297,050",tt0369339,4.0
6206,2002.0,My Big Fat Greek Wedding,"Comedy, Family, Romance",PG,movie,6.6,95 min,Joel Zwick,Nia Vardalos,"Nia Vardalos, Michael Constantine, Christina Eleusiniotis, Kaylee Vieira","English, Greek","USA, Canada",Nominated for 1 Oscar. Another 20 wins & 27 nominations.,"103,163",tt0259446,3.0
6235,2002.0,A Walk to Remember,"Drama, Romance",PG,movie,7.4,101 min,Adam Shankman,"Nicholas Sparks (novel), Karen Janszen (screenplay)","Shane West, Mandy Moore, Peter Coyote, Daryl Hannah",English,USA,4 wins & 2 nominations.,"164,157",tt0281358,5.0
6343,2001.0,Joe Somebody,"Comedy, Drama",PG,movie,5.5,98 min,John Pasquin,John Scott Shepherd,"Tim Allen, Julie Bowen, Kelly Lynch, Greg Germann",English,USA,1 nomination.,"8,504",tt0279889,3.0
6347,2000.0,Big Momma's House,"Action, Comedy, Crime",PG-13,movie,5.1,99 min,Raja Gosnell,"Darryl Quarles (story), Darryl Quarles (screenplay), Don Rhymer (screenplay)","Martin Lawrence, Nia Long, Paul Giamatti, Jascha Washington",English,"USA, Germany",1 win & 8 nominations.,"67,316",tt0208003,2.0
6450,2002.0,City of God,"Crime, Drama",R,movie,8.7,130 min,"Fernando Meirelles, Kátia Lund","Paulo Lins (novel), Bráulio Mantovani (screenplay)","Alexandre Rodrigues, Leandro Firmino, Phellipe Haagensen, Douglas Silva",Portuguese,"Brazil, France",Nominated for 4 Oscars. Another 65 wins & 37 nominations.,"540,033",tt0317248,3.0
6464,2002.0,Unfaithful,"Drama, Thriller",R,movie,6.7,124 min,Adrian Lyne,"Claude Chabrol (film ""La Femme infidèle""), Alvin Sargent (screenplay), William Broyles Jr. (screenplay)","Diane Lane, Erik Per Sullivan, Richard Gere, Olivier Martinez","English, French","USA, Germany, France",Nominated for 1 Oscar. Another 3 wins & 13 nominations.,"63,448",tt0250797,5.0
6497,2002.0,Murder By Numbers,"Crime, Mystery, Thriller",R,movie,6.1,115 min,Barbet Schroeder,Tony Gayton,"Sandra Bullock, Ben Chaplin, Ryan Gosling, Michael Pitt",English,USA,2 nominations.,"43,909",tt0264935,4.0
6555,2002.0,Insomnia,"Drama, Mystery, Thriller",R,movie,7.2,118 min,Christopher Nolan,"Hillary Seitz (screenplay), Nikolaj Frobenius, Erik Skjoldbjærg","Al Pacino, Martin Donovan, Oliver 'Ole' Zemen, Hilary Swank",English,"USA, Canada",1 win & 10 nominations.,"220,877",tt0278504,3.0
6631,2005.0,Be Cool,"Comedy, Crime, Music",PG-13,movie,5.7,118 min,F. Gary Gray,"Elmore Leonard (novel), Peter Steinfeld (screenplay)","John Travolta, Uma Thurman, Vince Vaughn, Cedric the Entertainer","English, Russian",USA,1 win & 13 nominations.,"59,686",tt0377471,3.0
6829,2002.0,High Crimes,"Crime, Drama, Mystery",PG-13,movie,6.3,115 min,Carl Franklin,"Joseph Finder (novel), Yuri Zeltser (screenplay), Grace Cary Bickley (screenplay)","Ashley Judd, Morgan Freeman, Jim Caviezel, Adam Scott","English, Spanish",USA,2 nominations.,"30,231",tt0257756,4.0
6844,2001.0,The Fast and the Furious,"Action, Crime, Thriller",PG-13,movie,6.7,106 min,Rob Cohen,"Ken Li (magazine article ""Racer X""), Gary Scott Thompson (screen story), Gary Scott Thompson (screenplay), Erik Bergquist (screenplay), David Ayer (screenplay)","Paul Walker, Vin Diesel, Michelle Rodriguez, Jordana Brewster",English,"USA, Germany",9 wins & 12 nominations.,"274,783",tt0232500,5.0
6859,2003.0,Cheaper by the Dozen,"Comedy, Family",PG,movie,5.8,98 min,Shawn Levy,"Frank B. Gilbreth Jr. (novel), Ernestine Gilbreth Carey (novel), Craig Titley (screen story), Sam Harper (screenplay), Joel Cohen (screenplay), Alec Sokolow (screenplay)","Steve Martin, Bonnie Hunt, Piper Perabo, Tom Welling",English,USA,2 wins & 7 nominations.,"75,914",tt0349205,4.0
6983,2004.0,Connie and Carla,"Comedy, Crime, Music",PG-13,movie,6.3,98 min,Michael Lembeck,Nia Vardalos,"Nia Vardalos, Toni Collette, David Duchovny, Stephen Spinella",English,USA,1 win.,"6,902",tt0345074,3.0
7032,2002.0,Austin Powers in Goldmember,"Action, Comedy, Crime",PG-13,movie,6.2,94 min,Jay Roach,"Mike Myers, Michael McCullers, Mike Myers (characters created by)","Mike Myers, Beyoncé Knowles, Seth Green, Michael York","English, Japanese, German, French",USA,5 wins & 21 nominations.,"164,133",tt0295178,3.0
7048,2003.0,Agent Cody Banks,"Action, Adventure, Comedy",PG,movie,5.0,102 min,Harald Zwart,"Ashley Miller (screenplay), Zack Stentz (screenplay), Scott Alexander (screenplay), Larry Karaszewski (screenplay), Jeffrey Jurgensen (story)","Frankie Muniz, Hilary Duff, Angie Harmon, Keith David",English,"USA, Canada",4 nominations.,"27,009",tt0313911,3.0
7281,2001.0,Monster's Ball,"Drama, Romance",R,movie,7.1,111 min,Marc Forster,"Milo Addica, Will Rokos","Billy Bob Thornton, Taylor Simpson, Gabrielle Witcher, Heath Ledger",English,USA,Won 1 Oscar. Another 14 wins & 22 nominations.,"71,850",tt0285742,4.0
7544,2002.0,Orange County,"Comedy, Drama",PG-13,movie,6.2,82 min,Jake Kasdan,Mike White,"Colin Hanks, Jack Black, Schuyler Fisk, Bret Harrison","English, Spanish",USA,3 nominations.,"41,705",tt0273923,2.0
7635,2004.0,Anchorman: The Legend of Ron Burgundy,Comedy,PG-13,movie,7.2,94 min,Adam McKay,"Will Ferrell, Adam McKay","Will Ferrell, Christina Applegate, Paul Rudd, Steve Carell","English, French, Spanish",USA,1 win & 11 nominations.,"271,059",tt0357413,3.0
7755,2003.0,Touching the Void,"Documentary, Adventure, Drama",R,movie,8.1,106 min,Kevin Macdonald,"David Darlow (script writer), Joe Simpson (book)","Brendan Mackey, Nicholas Aaron, Richard Hawking, Joe Simpson",English,"UK, USA",6 wins & 10 nominations.,"27,133",tt0379557,3.0
7786,2003.0,The Station Agent,"Comedy, Drama",R,movie,7.7,89 min,Tom McCarthy,Tom McCarthy,"Peter Dinklage, Paul Benjamin, Jase Blankfort, Paula Garcés","English, Spanish",USA,Won 1 BAFTA Film Award. Another 28 wins & 31 nominations.,"58,611",tt0340377,3.0
7820,2002.0,Brown Sugar,"Romance, Comedy, Drama",PG-13,movie,6.5,109 min,Rick Famuyiwa,"Michael Elliot (story), Michael Elliot (screenplay), Rick Famuyiwa (screenplay)","Taye Diggs, Sanaa Lathan, Yasiin Bey, Nicole Ari Parker",English,USA,2 wins & 18 nominations.,"6,001",tt0297037,4.0
7882,2002.0,Blood Work,"Action, Crime, Drama",R,movie,6.4,110 min,Clint Eastwood,"Michael Connelly (novel), Brian Helgeland (screenplay)","Clint Eastwood, Jeff Daniels, Anjelica Huston, Wanda De Jesus","English, Spanish",USA,1 win.,"34,626",tt0309377,3.0
7904,2002.0,Punch-Drunk Love,"Comedy, Drama, Romance",R,movie,7.3,95 min,Paul Thomas Anderson,Paul Thomas Anderson,"Adam Sandler, Jason Andrews, Don McManus, Emily Watson",English,USA,Nominated for 1 Golden Globe. Another 14 wins & 34 nominations.,"110,629",tt0272338,2.0
7911,2001.0,Bones,"Crime, Horror",R,movie,4.1,96 min,Ernest R. Dickerson,"Adam Simon, Tim Metcalfe","Snoop Dogg, Pam Grier, Michael T. Weiss, Clifton Powell","English, French, Spanish",USA,1 nomination.,"5,631",tt0166110,4.0
7928,2002.0,Antwone Fisher,"Biography, Drama",PG-13,movie,7.3,120 min,Denzel Washington,Antwone Fisher,"Derek Luke, Malcolm David Kelley, Cory Hodges, Denzel Washington","English, Japanese",USA,19 wins & 21 nominations.,"26,719",tt0168786,5.0
7971,2001.0,In the Bedroom,"Crime, Drama",R,movie,7.5,130 min,Todd Field,"Robert Festinger (screenplay), Todd Field (screenplay), Andre Dubus (story ""Killings"")","Tom Wilkinson, Sissy Spacek, Nick Stahl, Marisa Tomei","English, Serbo-Croatian",USA,Nominated for 5 Oscars. Another 38 wins & 69 nominations.,"32,594",tt0247425,3.0
7987,2003.0,Wrong Turn,"Horror, Thriller",R,movie,6.1,84 min,Rob Schmidt,Alan B. McElroy,"Desmond Harrington, Eliza Dushku, Emmanuelle Chriqui, Jeremy Sisto",English,"USA, Germany",3 nominations.,"88,330",tt0295700,4.0
7991,2003.0,The Hunted,"Action, Crime, Drama",R,movie,6.0,94 min,William Friedkin,"David Griffiths, Peter Griffiths, Art Monterastelli","Tommy Lee Jones, Benicio Del Toro, Connie Nielsen, Leslie Stefanson","English, Serbo-Croatian",USA,2 nominations.,"36,183",tt0269347,2.0
8014,2002.0,All About the Benjamins,"Action, Comedy, Crime",R,movie,5.8,95 min,Kevin Bray,"Ronald Lang, Ice Cube","Ice Cube, Mike Epps, Tommy Flanagan, Carmen Chaplin","English, French","USA, Germany",0,"9,791",tt0278295,4.0
8045,2003.0,Open Range,"Drama, Romance, Western",R,movie,7.5,139 min,Kevin Costner,"Lauran Paine (novel), Craig Storper (screenplay)","Robert Duvall, Kevin Costner, Annette Bening, Michael Gambon",English,USA,1 win & 4 nominations.,"54,384",tt0316356,3.0
8333,2004.0,The Grudge,"Horror, Mystery, Thriller",PG-13,movie,5.9,91 min,Takashi Shimizu,"Stephen Susco (screenplay), Takashi Shimizu (film ""Ju-On: The Grudge"")","Sarah Michelle Gellar, Jason Behr, William Mapother, Clea DuVall","English, Japanese","USA, Japan",2 wins & 10 nominations.,"116,413",tt0391198,3.0
8387,2002.0,Minority Report,"Action, Mystery, Sci-Fi",PG-13,movie,7.7,145 min,Steven Spielberg,"Philip K. Dick (short story), Scott Frank (screenplay), Jon Cohen (screenplay)","Tom Cruise, Max von Sydow, Steve Harris, Neal McDonough","English, Swedish",USA,Nominated for 1 Oscar. Another 18 wins & 76 nominations.,"404,745",tt0181689,3.0
8393,2004.0,Ladder 49,"Action, Drama, Thriller",PG-13,movie,6.5,115 min,Jay Russell,Lewis Colick,"Joaquin Phoenix, John Travolta, Jacinda Barrett, Robert Patrick",English,USA,1 win & 6 nominations.,"49,019",tt0349710,4.0
8483,2002.0,Showtime,"Action, Comedy, Crime",PG-13,movie,5.5,95 min,Tom Dey,"Jorge Saralegui (story), Keith Sharon (screenplay), Alfred Gough (screenplay), Miles Millar (screenplay)","Robert De Niro, Rachael Harris, Eddie Murphy, Zaid Farid",English,"USA, Australia",2 wins & 5 nominations.,"52,834",tt0284490,3.0
8511,1958.0,The Long,Drama,NOT RATED,movie,7.5,115 min,Martin Ritt,"William Faulkner (novel), Irving Ravetch (screenplay), Harriet Frank Jr. (screenplay)","Paul Newman, Joanne Woodward, Anthony Franciosa, Orson Welles",English,USA,2 wins & 4 nominations.,"7,583",tt0051878,3.0
8635,2004.0,Mr. 3000,"Comedy, Drama, Romance",PG-13,movie,5.5,104 min,Charles Stone III,"Eric Champnella (story), Keith Mitchell (story), Eric Champnella (screenplay), Keith Mitchell (screenplay), Howard Michael Gould (screenplay)","Bernie Mac, Angela Bassett, Michael Rispoli, Brian White",English,USA,1 win & 5 nominations.,"12,181",tt0339412,4.0
8687,2002.0,Star Wars: Episode II: Attack of the Clones,"Action, Adventure, Fantasy",PG,movie,6.7,142 min,George Lucas,"George Lucas (screenplay), Jonathan Hales (screenplay), George Lucas (story by)","Ewan McGregor, Natalie Portman, Hayden Christensen, Christopher Lee",English,USA,Nominated for 1 Oscar. Another 16 wins & 53 nominations.,"469,134",tt0121765,3.0
8743,2002.0,Ice Age,"Animation, Adventure, Comedy",PG,movie,7.6,81 min,"Chris Wedge, Carlos Saldanha","Michael J. Wilson (story), Michael Berg (screenplay), Michael J. Wilson (screenplay), Peter Ackerman (screenplay), James Bresnahan (additional story), Doug Compton (additional story), Mike Thurmeier (additional story), Jeff Siergey (additional story), Galen T. Chu (additional story), Xeth Feinberg (additional story)","Ray Romano, John Leguizamo, Denis Leary, Goran Visnjic",English,USA,Nominated for 1 Oscar. Another 5 wins & 28 nominations.,"332,684",tt0268380,3.0
8782,2001.0,The Royal Tenenbaums,"Comedy, Drama",R,movie,7.6,110 min,Wes Anderson,"Wes Anderson, Owen Wilson","Gene Hackman, Anjelica Huston, Ben Stiller, Gwyneth Paltrow","English, Italian",USA,Nominated for 1 Oscar. Another 10 wins & 45 nominations.,"211,048",tt0265666,3.0
8808,2001.0,Brotherhood of the Wolf,"Action, Adventure, Drama",R,movie,7.1,142 min,Christophe Gans,"Stéphane Cabel (original scenario), Stéphane Cabel (adaptation), Christophe Gans (adaptation)","Samuel Le Bihan, Mark Dacascos, Jérémie Renier, Vincent Cassel","French, German, Italian",France,4 wins & 22 nominations.,"52,435",tt0237534,4.0
8809,2002.0,Star Trek: Nemesis,"Action, Adventure, Sci-Fi",PG-13,movie,6.4,116 min,Stuart Baird,"Gene Roddenberry (television series Star Trek), John Logan (story), Rick Berman (story), Brent Spiner (story), John Logan (screenplay)","Patrick Stewart, Jonathan Frakes, Brent Spiner, LeVar Burton",English,USA,1 win & 4 nominations.,"59,347",tt0253754,1.0
8954,2002.0,The Rookie,"Drama, Family, Sport",G,movie,7.0,127 min,John Lee Hancock,Mike Rich,"Dennis Quaid, Rachel Griffiths, Jay Hernandez, Beth Grant",English,USA,5 wins & 4 nominations.,"26,677",tt0265662,4.0
9136,2001.0,Charlotte Gray,"Drama, Romance, Thriller",PG-13,movie,6.4,121 min,Gillian Armstrong,"Sebastian Faulks (novel), Jeremy Brock (screenplay)","Cate Blanchett, James Fleet, Abigail Cruttenden, Charlotte McDougall",English,"UK, Australia, Germany",5 nominations.,"9,050",tt0245046,4.0
9156,2002.0,Dragonfly,"Drama, Fantasy, Mystery",PG-13,movie,6.1,104 min,Tom Shadyac,"Brandon Camp (story), Mike Thompson (story), David Seltzer (screenplay), Brandon Camp (screenplay), Mike Thompson (screenplay)","Kevin Costner, Susanna Thompson, Joe Morton, Ron Rifkin","English, Spanish","USA, Germany",1 nomination.,"31,976",tt0259288,3.0
9340,2001.0,Pearl Harbor,"Action, Drama, History",PG-13,movie,6.1,183 min,Michael Bay,Randall Wallace,"Ben Affleck, Josh Hartnett, Kate Beckinsale, William Lee Scott","English, Japanese, French",USA,Won 1 Oscar. Another 11 wins & 50 nominations.,"256,780",tt0213149,3.0
9415,2005.0,Are We There Yet?,"Adventure, Comedy, Family",PG,movie,4.6,95 min,Brian Levant,"Steven Gary Banks (story), Claudia Grazioso (story), Steven Gary Banks (screenplay), Claudia Grazioso (screenplay), J. David Stem (screenplay), David N. Weiss (screenplay)","Ice Cube, Nia Long, Aleisha Allen, Philip Bolden",English,"USA, Canada",1 win & 8 nominations.,"22,800",tt0368578,4.0
9542,2001.0,Lantana,"Drama, Mystery, Romance",R,movie,7.4,121 min,Ray Lawrence,"Andrew Bovell (play), Andrew Bovell (screenplay)","Anthony LaPaglia, Geoffrey Rush, Barbara Hershey, Kerry Armstrong",English,"Australia, Germany",36 wins & 22 nominations.,"16,564",tt0259393,2.0
9623,2002.0,On the Edge,Action,R,movie,4.8,97 min,Fred Williamson,Linda Williamson,"Fred Williamson, Gary Busey, Bernie Casey, Jim Brown",English,USA,0,99,tt0381469,2.0
9629,2002.0,Stranded,"Adventure, Drama",,movie,6.6,120 min,Charles Beeson,"Johann David Wyss (novel), Anton Diether (adaptation), Greg Dinner (teleplay), Dominic Minghella (teleplay), Chris Harrald (teleplay)","Liam Cunningham, Brana Bajic, Roger Allam, Jesse Spencer",English,USA,0,547,tt0286989,3.0
9756,2002.0,Mr. Deeds,"Comedy, Romance",PG-13,movie,5.8,96 min,Steven Brill,"Clarence Budington Kelland (short story ""Opera Hat""), Robert Riskin (film Mr. Deeds Goes to Town), Tim Herlihy (screenplay)","Adam Sandler, Winona Ryder, John Turturro, Allen Covert",English,USA,4 wins & 7 nominations.,"111,741",tt0280590,3.0
9768,2003.0,Basic,"Action, Crime, Drama",R,movie,6.5,98 min,John McTiernan,James Vanderbilt,"John Travolta, Connie Nielsen, Samuel L. Jackson, Tim Daly",English,"Germany, USA",3 nominations.,"50,445",tt0264395,3.0
9800,2001.0,Shallow Hal,"Comedy, Drama, Fantasy",PG-13,movie,5.9,114 min,"Bobby Farrelly, Peter Farrelly","Sean Moynihan, Peter Farrelly, Bobby Farrelly","Gwyneth Paltrow, Jack Black, Jason Alexander, Joe Viterelli",English,"USA, Germany",3 nominations.,"110,402",tt0256380,3.0
9960,1988.0,Die Hard,"Action, Thriller",R,movie,8.2,131 min,John McTiernan,"Roderick Thorp (novel), Jeb Stuart (screenplay), Steven E. de Souza (screenplay)","Bruce Willis, Bonnie Bedelia, Reginald VelJohnson, Paul Gleason","English, German, Italian",USA,Nominated for 4 Oscars. Another 6 wins & 2 nominations.,"599,179",tt0095016,3.0
9991,2001.0,Waking Life,"Animation, Drama, Fantasy",R,movie,7.8,99 min,Richard Linklater,Richard Linklater,"Trevor Jack Brooks, Lorelei Linklater, Wiley Wiggins, Glover Gill",English,USA,5 wins & 20 nominations.,"49,739",tt0243017,5.0
10036,2004.0,Chris Rock: Never Scared,"Documentary, Comedy",,movie,8.1,80 min,Joel Gallen,Chris Rock,"Chris Rock, Dionicio Chambers, Doug E. Fresh",English,USA,Nominated for 2 Primetime Emmys. Another 3 nominations.,"4,048",tt0405832,3.0
10275,2004.0,The Girl Next Door,"Comedy, Drama, Romance",R,movie,6.8,108 min,Luke Greenfield,"David Wagner (story), Brent Goldberg (story), Stuart Blumberg (screenplay), David Wagner (screenplay), Brent Goldberg (screenplay)","Emile Hirsch, Elisha Cuthbert, Timothy Olyphant, James Remar",English,USA,2 wins & 4 nominations.,"172,567",tt0265208,4.0
10413,2002.0,Clockstoppers,"Action, Adventure, Comedy",PG,movie,5.2,94 min,Jonathan Frakes,"Rob Hedden (story), Andy Hedden (story), J. David Stem (story), David N. Weiss (story), Rob Hedden (screenplay), J. David Stem (screenplay), David N. Weiss (screenplay)","Jesse Bradford, French Stewart, Paula Garcés, Michael Biehn",English,USA,0,"11,295",tt0157472,3.0
10550,2003.0,Cold Mountain,"Adventure, Drama, History",R,movie,7.2,154 min,Anthony Minghella,"Charles Frazier (book), Anthony Minghella (screenplay)","Jude Law, Nicole Kidman, Renée Zellweger, Eileen Atkins",English,"USA, UK, Romania, Italy",Won 1 Oscar. Another 17 wins & 92 nominations.,"119,090",tt0159365,4.0
10596,2003.0,National Security,"Action, Comedy, Crime",PG-13,movie,5.6,88 min,Dennis Dugan,"Jay Scherick, David Ronn","Martin Lawrence, Steve Zahn, Colm Feore, Bill Duke",English,USA,0,"39,389",tt0271668,5.0
10607,2002.0,We Were Soldiers,"Action, Drama, History",R,movie,7.1,138 min,Randall Wallace,"Harold G. Moore (book), Joseph L. Galloway (book), Randall Wallace (screenplay)","Mel Gibson, Madeleine Stowe, Greg Kinnear, Sam Elliott","English, Vietnamese, French","USA, Germany",2 wins & 5 nominations.,"104,364",tt0277434,3.0
10625,2002.0,Windtalkers,"Action, Drama, War",R,movie,6.0,134 min,John Woo,"John Rice, Joe Batteer","Nicolas Cage, Adam Beach, Peter Stormare, Noah Emmerich","English, Navajo, Japanese",USA,3 wins & 4 nominations.,"56,409",tt0245562,3.0
10685,2002.0,Hey Arnold! The Movie,"Animation, Adventure, Comedy",PG,movie,5.9,76 min,Tuck Tucker,"Craig Bartlett (characters), Craig Bartlett, Steve Viksten","Spencer Klein, Francesca Marie Smith, Jamil Walker Smith, Dan Castellaneta",English,USA,1 nomination.,"4,596",tt0314166,3.0
10730,2002.0,Gangs of New York,"Crime, Drama",R,movie,7.5,167 min,Martin Scorsese,"Jay Cocks (story), Jay Cocks (screenplay), Steven Zaillian (screenplay), Kenneth Lonergan (screenplay)","Leonardo DiCaprio, Daniel Day-Lewis, Cameron Diaz, Jim Broadbent","English, Irish, Chinese, Latin","USA, Italy",Nominated for 10 Oscars. Another 47 wins & 117 nominations.,"315,905",tt0217505,4.0
10892,2001.0,The Unsaid,"Crime, Drama, Mystery",R,movie,6.7,111 min,Tom McLoughlin,"Christopher Murphey (story), Miguel Tejada-Flores (screenplay), Scott A. Williams (screenplay)","Andy Garcia, Trevor Blumas, Chelsea Field, Linda Cardellini",English,"Canada, USA",1 win & 1 nomination.,"5,381",tt0258967,4.0
10894,2001.0,Ali,"Biography, Drama, Sport",R,movie,6.8,157 min,Michael Mann,"Gregory Allen Howard (story), Stephen J. Rivele (screenplay), Christopher Wilkinson (screenplay), Eric Roth (screenplay), Michael Mann (screenplay)","Will Smith, Jamie Foxx, Jon Voight, Mario Van Peebles","English, French",USA,Nominated for 2 Oscars. Another 10 wins & 25 nominations.,"79,546",tt0248667,2.0
10947,2004.0,The Incredibles,"Animation, Action, Adventure",PG,movie,8.0,115 min,Brad Bird,Brad Bird,"Craig T. Nelson, Holly Hunter, Samuel L. Jackson, Jason Lee","English, French",USA,Won 2 Oscars. Another 59 wins & 53 nominations.,"484,667",tt0317705,4.0
10962,2002.0,Rollerball,"Action, Sci-Fi, Sport",R,movie,3.0,98 min,John McTiernan,"William Harrison (short story ""Roller Ball Murder""), William Harrison, Larry Ferguson (screenplay), John Pogue (screenplay)","Chris Klein, Jean Reno, LL Cool J, Rebecca Romijn","English, Russian, French, Arabic, Korean, German, Japanese","USA, Germany, Japan",2 wins & 4 nominations.,"22,345",tt0246894,3.0
11022,2004.0,Fahrenheit 9/11,"Documentary, Drama, War",R,movie,7.5,122 min,Michael Moore,Michael Moore,"Ben Affleck, Stevie Wonder, George W. Bush, James Baker III","English, Arabic",USA,29 wins & 15 nominations.,"113,924",tt0361596,3.0
11077,2004.0,Meet the Fockers,"Comedy, Romance",PG-13,movie,6.3,115 min,Jay Roach,"Greg Glienna (characters), Mary Ruth Clarke (characters), Jim Herzfeld (story), Marc Hyman (story), Jim Herzfeld (screenplay), John Hamburg (screenplay)","Robert De Niro, Ben Stiller, Dustin Hoffman, Barbra Streisand","English, Spanish, Hebrew",USA,2 wins & 6 nominations.,"212,060",tt0290002,4.0
11110,2001.0,Down to Earth,"Comedy, Fantasy",PG-13,movie,5.4,87 min,"Chris Weitz, Paul Weitz","Elaine May, Warren Beatty, Chris Rock (screenplay), Lance Crouther (screenplay), Ali LeRoi (screenplay), Louis C.K. (screenplay)","Chris Rock, Regina King, Chazz Palminteri, Eugene Levy",English,"USA, Germany, Canada, Australia",3 nominations.,"19,156",tt0231775,3.0
11132,2003.0,The Texas Chainsaw Massacre,Horror,R,movie,6.2,98 min,Marcus Nispel,"Kim Henkel, Tobe Hooper, Scott Kosar (screenplay)","Jessica Biel, Jonathan Tucker, Erica Leerhsen, Mike Vogel",English,USA,4 wins & 14 nominations.,"109,413",tt0324216,3.0
11182,2003.0,Master and Commander: The Far Side of the World,"Action, Adventure, Drama",PG-13,movie,7.4,138 min,Peter Weir,"Patrick O'Brian (novels), Peter Weir (screenplay), John Collee (screenplay)","Russell Crowe, Paul Bettany, James D'Arcy, Edward Woodall","English, French, Portuguese",USA,Won 2 Oscars. Another 21 wins & 80 nominations.,"169,568",tt0311113,3.0
11256,2003.0,Malibu's Most Wanted,"Comedy, Crime",PG-13,movie,5.1,86 min,John Whitesell,"Fax Bahr, Adam Small, Jamie Kennedy, Nick Swardson","Jamie Kennedy, Taye Diggs, Anthony Anderson, Regina Hall",English,USA,3 nominations.,"16,022",tt0328099,3.0
11286,1994.0,White Fang 2: Myth of the White Wolf,"Adventure, Family",PG,movie,5.4,106 min,Ken Olin,David Fallon,"Scott Bairstow, Charmaine Craig, Al Harrington, Anthony Ruivivar",English,USA,0,"1,659",tt0111701,5.0
11323,2003.0,Shanghai Knights,"Action, Adventure, Comedy",PG-13,movie,6.2,114 min,David Dobkin,"Alfred Gough (characters), Miles Millar (characters), Alfred Gough, Miles Millar","Jackie Chan, Owen Wilson, Aaron Taylor-Johnson, Tom Fisher","English, Mandarin","USA, Hong Kong",4 nominations.,"82,416",tt0300471,3.0
11478,2003.0,Biker Boyz,"Action, Drama",PG-13,movie,4.6,110 min,Reggie Rock Bythewood,"Michael Gougis (article), Craig Fernandez, Reggie Rock Bythewood","Laurence Fishburne, Derek Luke, Orlando Jones, Djimon Hounsou",English,USA,0,"11,076",tt0326769,2.0
11521,2002.0,Lord of the Rings: The Two Towers,"Action, Adventure, Drama",PG-13,movie,8.7,179 min,Peter Jackson,"J.R.R. Tolkien (novel), Fran Walsh (screenplay), Philippa Boyens (screenplay), Stephen Sinclair (screenplay), Peter Jackson (screenplay)","Bruce Allpress, Sean Astin, John Bach, Sala Baker","English, Sindarin, Old English","USA, New Zealand",Won 2 Oscars. Another 114 wins & 127 nominations.,"1,113,421",tt0167261,4.0
11812,2004.0,Million Dollar Baby,"Drama, Sport",PG-13,movie,8.1,132 min,Clint Eastwood,"Paul Haggis (screenplay), F.X. Toole (stories)","Clint Eastwood, Hilary Swank, Morgan Freeman, Jay Baruchel","English, Irish",USA,Won 4 Oscars. Another 60 wins & 81 nominations.,"485,770",tt0405159,3.0
11929,1997.0,Anaconda,"Action, Adventure, Horror",PG-13,movie,4.6,89 min,Luis Llosa,"Hans Bauer, Jim Cash, Jack Epps Jr.","Jennifer Lopez, Ice Cube, Jon Voight, Eric Stoltz",English,"USA, Brazil, Peru",6 wins & 10 nominations.,"74,279",tt0118615,5.0
11999,2002.0,The Hot Chick,"Comedy, Fantasy",PG-13,movie,5.5,104 min,Tom Brady,"Tom Brady, Rob Schneider","Rob Schneider, Anna Faris, Matthew Lawrence, Eric Christian Olsen",English,USA,4 nominations.,"75,227",tt0302640,3.0
12056,2004.0,Twisted,"Crime, Drama, Mystery",R,movie,5.2,97 min,Philip Kaufman,Sarah Thorp,"Ashley Judd, Samuel L. Jackson, Andy Garcia, David Strathairn","English, Italian, Spanish","Germany, USA",1 win.,"17,026",tt0315297,3.0
12471,2002.0,8 Mile,"Drama, Music",R,movie,7.0,110 min,Curtis Hanson,Scott Silver,"Eminem, Kim Basinger, Mekhi Phifer, Brittany Murphy",English,"USA, Germany",Won 1 Oscar. Another 12 wins & 21 nominations.,"189,636",tt0298203,5.0
12493,2001.0,Spy Game,"Action, Crime, Thriller",R,movie,7.0,126 min,Tony Scott,"Michael Frost Beckner (story), Michael Frost Beckner (screenplay), David Arata (screenplay)","Robert Redford, Brad Pitt, Catherine McCormack, Stephen Dillane","English, German, Arabic, French, Cantonese","Germany, USA, Japan, France",3 nominations.,"122,211",tt0266987,4.0
12494,2001.0,Behind Enemy Lines,"Action, War, Drama",PG-13,movie,6.4,106 min,John Moore,"Jim Thomas (story), John Thomas (story), David Veloz (screenplay), Zak Penn (screenplay)","Owen Wilson, Gene Hackman, Gabriel Macht, Charles Malik Whitfield","English, Serbo-Croatian, Spanish, Czech",USA,1 win & 2 nominations.,"87,272",tt0159273,3.0
12573,1999.0,Faces of Death / Fact or Fiction?,Documentary,UNRATED,movie,3.1,54 min,John Alan Schwartz,"James B. Schwartz, John Alan Schwartz","Louise Jane, James B. Schwartz, John Alan Schwartz",English,USA,0,225,tt0223251,1.0
12582,2003.0,Mystic River,"Crime, Drama, Mystery",R,movie,8.0,138 min,Clint Eastwood,"Brian Helgeland (screenplay), Dennis Lehane (novel)","Sean Penn, Tim Robbins, Kevin Bacon, Laurence Fishburne",English,"USA, Australia",Won 2 Oscars. Another 53 wins & 131 nominations.,"342,431",tt0327056,3.0
12732,2004.0,Hidalgo,"Action, Adventure, Western",PG-13,movie,6.7,136 min,Joe Johnston,John Fusco,"Viggo Mortensen, Zuleikha Robinson, Omar Sharif, Louise Lombard","English, Arabic, Sioux","USA, Morocco",1 win & 2 nominations.,"68,228",tt0317648,4.0
12838,1999.0,The Boondock Saints,"Action, Crime, Thriller",R,movie,7.9,108 min,Troy Duffy,Troy Duffy,"Willem Dafoe, Sean Patrick Flanery, Norman Reedus, David Della Rocco","English, Spanish, Papiamento, Russian, Latin","Canada, USA",0,"198,952",tt0144117,4.0
12911,1999.0,Double Jeopardy,"Crime, Mystery, Thriller",R,movie,6.4,105 min,Bruce Beresford,"David Weisberg, Douglas Cook","Tommy Lee Jones, Ashley Judd, Benjamin Weir, Jay Brazeau",English,"USA, Germany, Canada",1 win & 3 nominations.,"57,115",tt0150377,4.0
13255,2005.0,Crash,"Short, Action",,movie,6.4,10 min,Nacho Vigalondo,Nacho Vigalondo,"Bárbara Goenaga, Nacho Vigalondo, Medardo Amor, Sebastian Elices",Spanish,Spain,0,264,tt0485877,4.0
13318,2003.0,The Core,"Action, Adventure, Sci-Fi",PG-13,movie,5.4,135 min,Jon Amiel,"Cooper Layne, John Rogers","Christopher Shyer, Ray Galletti, Eileen Pedde, Rekha Sharma",English,"USA, Germany, Canada, UK",0,"77,564",tt0298814,4.0
13342,2003.0,Bulletproof Monk,"Action, Comedy, Fantasy",PG-13,movie,5.5,104 min,Paul Hunter,"Ethan Reiff, Cyrus Voris","Yun-Fat Chow, Seann William Scott, Jaime King, Karel Roden","English, Tibetan, Panjabi, German","USA, Canada",1 nomination.,"42,544",tt0245803,3.0
13412,2000.0,Billy Elliot,"Drama, Music, Romance",R,movie,7.7,110 min,Stephen Daldry,Lee Hall,"Jamie Bell, Jean Heywood, Jamie Draven, Gary Lewis",English,"UK, France",Nominated for 3 Oscars. Another 54 wins & 63 nominations.,"99,071",tt0249462,3.0
13524,2002.0,Enough,"Crime, Drama, Thriller",PG-13,movie,5.6,115 min,Michael Apted,Nicholas Kazan,"Jennifer Lopez, Billy Campbell, Tessa Allen, Juliette Lewis",English,USA,4 nominations.,"30,987",tt0278435,1.0
13555,2003.0,Hollywood Homicide,"Action, Comedy, Crime",PG-13,movie,5.3,116 min,Ron Shelton,"Robert Souza, Ron Shelton","Harrison Ford, Josh Hartnett, Lena Olin, Bruce Greenwood",English,USA,1 win.,"31,458",tt0329717,3.0
13559,2001.0,In the Time of the Butterflies,"Crime, Drama, Romance",PG-13,movie,6.8,95 min,Mariano Barroso,"Julia Álvarez (novel), Judy Klass (teleplay), David Klass (teleplay)","Salma Hayek, Edward James Olmos, Mía Maestro, Demián Bichir",English,"USA, Mexico",2 wins & 2 nominations.,"1,772",tt0263467,3.0
13561,2003.0,Monsieur Ibrahim,"Comedy, Drama",R,movie,7.5,95 min,François Dupeyron,"François Dupeyron, Eric-Emmanuel Schmitt (novel), Eric-Emmanuel Schmitt (screenplay)","Omar Sharif, Pierre Boulanger, Gilbert Melki, Isabelle Renauld","French, Turkish",France,Nominated for 1 Golden Globe. Another 5 wins & 5 nominations.,"9,426",tt0329388,3.0
13602,1982.0,The Man from Snowy River,"Adventure, Drama, Family",PG,movie,7.3,102 min,George Miller,"A.B. 'Banjo' Paterson (poem), Cul Cullen (script), John Dixon (screenplay)","Tom Burlinson, Terence Donovan, Kirk Douglas, Tommy Dysart",English,Australia,Nominated for 1 Golden Globe. Another 2 wins & 2 nominations.,"5,967",tt0084296,4.0
13827,2001.0,Riding in Cars with Boys,"Biography, Comedy, Drama",PG-13,movie,6.4,132 min,Penny Marshall,"Beverly D'Onofrio (book), Morgan Ward (screenplay)","Drew Barrymore, Steve Zahn, Adam Garcia, Brittany Murphy",English,USA,2 wins & 2 nominations.,"22,536",tt0200027,4.0
14047,2003.0,Tears of the Sun,"Action, Drama, Thriller",R,movie,6.6,121 min,Antoine Fuqua,"Alex Lasker, Patrick Cirillo","Bruce Willis, Monica Bellucci, Cole Hauser, Eamonn Walker",English,USA,2 nominations.,"94,464",tt0314353,3.0
14096,2003.0,Step Into Liquid,"Documentary, Sport",PG,movie,7.5,88 min,Dana Brown,Dana Brown,"Robert August, Rochelle Ballard, Shawn Barron, Layne Beachley",English,USA,2 nominations.,"2,332",tt0308508,4.0
14131,2003.0,Dickie Roberts: Former Child Star,Comedy,PG-13,movie,5.6,98 min,Sam Weisman,"Fred Wolf, David Spade","David Spade, Mary McCormack, Craig Bierko, Scott Terra",English,USA,1 win & 1 nomination.,"11,831",tt0325258,3.0
14312,1993.0,Jurassic Park,"Adventure, Sci-Fi, Thriller",PG-13,movie,8.1,127 min,Steven Spielberg,"Michael Crichton (novel), Michael Crichton (screenplay), David Koepp (screenplay)","Sam Neill, Laura Dern, Jeff Goldblum, Richard Attenborough","English, Spanish",USA,Won 3 Oscars. Another 28 wins & 17 nominations.,"621,209",tt0107290,3.0
14367,1998.0,Lethal Weapon 4,"Action, Crime, Thriller",R,movie,6.6,127 min,Richard Donner,"Shane Black (characters), Jonathan Lemkin (story), Alfred Gough (story), Miles Millar (story), Channing Gibson (screenplay)","Mel Gibson, Danny Glover, Joe Pesci, Rene Russo","English, Cantonese, Mandarin",USA,4 wins & 11 nominations.,"128,012",tt0122151,3.0
14382,1987.0,Raising Arizona,"Comedy, Crime",PG-13,movie,7.4,94 min,"Joel Coen, Ethan Coen","Ethan Coen, Joel Coen","Nicolas Cage, Holly Hunter, Trey Wilson, John Goodman",English,USA,4 nominations.,"101,798",tt0093822,2.0
14410,2002.0,Spider-Man,"Action, Adventure, Romance",PG-13,movie,7.3,121 min,Sam Raimi,"Stan Lee (Marvel comic book), Steve Ditko (Marvel comic book), David Koepp (screenplay)","Tobey Maguire, Willem Dafoe, Kirsten Dunst, James Franco",English,USA,Nominated for 2 Oscars. Another 14 wins & 56 nominations.,"550,977",tt0145487,3.0
14476,2004.0,Barbershop 2: Back in Business,"Comedy, Drama",PG-13,movie,5.7,106 min,Kevin Rodney Sullivan,"Mark Brown (characters), Don D. Scott","Ice Cube, Cedric the Entertainer, Sean Patrick Thomas, Eve",English,USA,2 wins & 10 nominations.,"10,375",tt0337579,3.0
14576,2003.0,DysFunktional Family,"Comedy, Documentary",R,movie,6.6,89 min,George Gallo,Eddie Griffin (head writer),"Eddie Griffin, Joe Howard, Matthew Brent, Robert Noble",English,USA,0,762,tt0337996,4.0
14698,2002.0,White Oleander,Drama,PG-13,movie,7.2,109 min,Peter Kosminsky,"Janet Fitch (novel), Mary Agnes Donoghue (screenplay)","Amy Aquino, John Billingsley, Elisa Bocanegra, Darlene Bohorquez","English, Russian",USA,3 wins & 7 nominations.,"25,769",tt0283139,4.0
14759,2002.0,K-19: The Widowmaker,"Drama, History, Thriller",PG-13,movie,6.7,138 min,Kathryn Bigelow,"Louis Nowra (story), Christopher Kyle (screenplay)","Sam Spruell, Peter Stebbings, Christian Camargo, Roman Podhora","English, Russian","UK, Germany, USA, Canada",1 win & 2 nominations.,"49,715",tt0267626,3.0
14867,2000.0,King of the Jungle,"Crime, Drama, Thriller",R,movie,6.2,87 min,Seth Zvi Rosenfeld,Seth Zvi Rosenfeld,"John Leguizamo, Rosie Perez, Julie Carmen, Cliff Gorman",English,USA,3 nominations.,459,tt0177888,4.0
14918,2001.0,Gosford Park,"Drama, Mystery",R,movie,7.3,131 min,Robert Altman,"Julian Fellowes, Robert Altman (based upon an idea by), Bob Balaban (based upon an idea by)","Maggie Smith, Michael Gambon, Kristin Scott Thomas, Camilla Rutherford",English,"UK, USA, Italy",Won 1 Oscar. Another 31 wins & 73 nominations.,"65,436",tt0280707,3.0
14940,2004.0,Without a Paddle,"Adventure, Comedy, Mystery",PG-13,movie,5.9,95 min,Steven Brill,"Fred Wolf (story), Harris Goldberg (story), Tom Nursall (story), Jay Leggett (screenplay), Mitch Rouse (screenplay)","Matthew Price, Andrew Hampton, Jarred Rumbold, Carl Snell",English,"USA, New Zealand",0,"37,733",tt0364751,3.0
14999,2003.0,Monster,"Biography, Crime, Drama",R,movie,7.3,109 min,Patty Jenkins,Patty Jenkins,"Charlize Theron, Christina Ricci, Bruce Dern, Lee Tergesen",English,"USA, Germany",Won 1 Oscar. Another 26 wins & 23 nominations.,"106,721",tt0340855,4.0
15107,2001.0,Ocean's Eleven,"Crime, Thriller",PG-13,movie,7.8,116 min,Steven Soderbergh,"George Clayton Johnson, Jack Golden Russell, Harry Brown, Charles Lederer, Ted Griffin (screenplay)","George Clooney, Cecelia Ann Birt, Paul L. Nolan, Carol Florence","English, Italian, Cantonese",USA,4 wins & 20 nominations.,"404,702",tt0240772,3.0
15116,2004.0,Miracle,"Biography, Drama, History",PG,movie,7.5,135 min,Gavin O'Connor,Eric Guggenheim,"Kurt Russell, Patricia Clarkson, Noah Emmerich, Sean McCann",English,"USA, Canada",1 win & 3 nominations.,"36,794",tt0349825,4.0
15151,2004.0,Walking Tall,"Action, Crime",PG-13,movie,6.2,86 min,Kevin Bray,"Mort Briskin (earlier screenplay), David Klass (screenplay), Channing Gibson (screenplay), David Levien (screenplay), Brian Koppelman (screenplay)","Michael Bowen, Johnny Knoxville, Dwayne Johnson, Neal McDonough",English,USA,2 nominations.,"53,708",tt0351977,4.0
15205,2004.0,The Day After Tomorrow,"Action, Adventure, Sci-Fi",PG-13,movie,6.4,124 min,Roland Emmerich,"Roland Emmerich (story), Roland Emmerich (screenplay), Jeffrey Nachmanoff (screenplay)","Dennis Quaid, Jake Gyllenhaal, Emmy Rossum, Dash Mihok","English, Japanese, French, Arabic, Spanish",USA,Won 1 BAFTA Film Award. Another 5 wins & 11 nominations.,"336,719",tt0319262,4.0
15409,2004.0,Eurotrip,Comedy,R,movie,6.6,93 min,"Jeff Schaffer, Alec Berg, David Mandel","Alec Berg, David Mandel, Jeff Schaffer","Scott Mechlowicz, Jacob Pitts, Kristin Kreuk, Cathy Meils","English, French, German, Italian, Japanese","USA, Czech Republic",2 nominations.,"162,843",tt0356150,3.0
15474,2001.0,Rock Star,"Drama, Music",R,movie,6.2,105 min,Stephen Herek,John Stockwell,"Mark Wahlberg, Jennifer Aniston, Dominic West, Jason Bonham",English,USA,1 nomination.,"34,853",tt0202470,3.0
15481,2001.0,See Spot Run,"Action, Comedy, Crime",PG,movie,5.4,94 min,John Whitesell,"George Gallo (screenplay), Gregory Poirier (screenplay), Dan Baron (screenplay), Chris Faber (screenplay), Andrew Deane (story), Michael Alexander Miller (story), George Gallo (story), Stuart Gibbs (adaptation), Craig Titley (adaptation)","David Arquette, Michael Clarke Duncan, Leslie Bibb, Joe Viterelli","English, American Sign Language","USA, Australia",1 nomination.,"7,476",tt0250720,3.0
15582,2002.0,Sweet Home Alabama,"Comedy, Romance",PG-13,movie,6.2,108 min,Andy Tennant,"Douglas J. Eboch (story), C. Jay Cox (screenplay)","Reese Witherspoon, Josh Lucas, Patrick Dempsey, Candice Bergen",English,USA,3 wins & 6 nominations.,"84,291",tt0256415,3.0
15712,2003.0,Cradle 2 the Grave,"Action, Crime, Drama",R,movie,5.8,101 min,Andrzej Bartkowiak,"John O'Brien (story), John O'Brien (screenplay), Channing Gibson (screenplay)","Jet Li, DMX, Anthony Anderson, Kelly Hu","English, Mandarin, Korean",USA,6 nominations.,"34,969",tt0306685,3.0
15815,2002.0,Changing Lanes,"Drama, Thriller",R,movie,6.5,98 min,Roger Michell,"Chap Taylor (story), Chap Taylor (screenplay), Michael Tolkin (screenplay)","Ben Affleck, Samuel L. Jackson, Kim Staunton, Toni Collette",English,USA,7 nominations.,"57,719",tt0264472,3.0
15887,2004.0,Van Helsing,"Action, Adventure",PG-13,movie,6.0,131 min,Stephen Sommers,Stephen Sommers,"Hugh Jackman, Kate Beckinsale, Richard Roxburgh, David Wenham","English, Latin","USA, Czech Republic",2 wins & 17 nominations.,"198,081",tt0338526,4.0
15919,2004.0,Hellboy,"Action, Fantasy, Horror",PG-13,movie,6.8,122 min,Guillermo del Toro,"Guillermo del Toro (screenplay), Guillermo del Toro (screen story), Peter Briggs (screen story), Mike Mignola (comic books)","Ron Perlman, John Hurt, Selma Blair, Rupert Evans","English, Russian",USA,3 wins & 22 nominations.,"246,478",tt0167190,3.0
15969,2001.0,Out Cold,"Comedy, Sport",PG-13,movie,6.3,89 min,"Brendan Malloy, Emmett Malloy",Jon Zack,"Flex Alexander, A.J. Cook, David Denman, Caroline Dhavernas",English,USA,0,"14,718",tt0253798,3.0
16082,2004.0,13 Going on 30,"Comedy, Fantasy, Romance",PG-13,movie,6.1,98 min,Gary Winick,"Josh Goldsmith, Cathy Yuspa","Jennifer Garner, Mark Ruffalo, Judy Greer, Andy Serkis","English, Portuguese",USA,11 nominations.,"123,478",tt0337563,3.0
16209,2001.0,Enigma,"Drama, Mystery, Romance",R,movie,6.4,119 min,Michael Apted,"Robert Harris (novel), Tom Stoppard (screenplay)","Dougray Scott, Kate Winslet, Saffron Burrows, Jeremy Northam","English, German","UK, USA, Germany, Netherlands",3 wins & 5 nominations.,"17,760",tt0157583,3.0
16236,2000.0,The Gift,"Drama, Fantasy, Horror",R,movie,6.7,111 min,Sam Raimi,"Billy Bob Thornton, Tom Epperson","Cate Blanchett, Giovanni Ribisi, Keanu Reeves, Katie Holmes",English,USA,8 nominations.,"52,566",tt0219699,4.0
16262,2005.0,Assault on Precinct 13,"Action, Crime, Drama",R,movie,6.3,109 min,Jean-François Richet,"John Carpenter (earlier film), James DeMonaco (screenplay)","Ethan Hawke, Laurence Fishburne, Gabriel Byrne, Maria Bello","English, Serbian","USA, France",1 win & 2 nominations.,"66,198",tt0398712,3.0
16286,2002.0,Red Dragon,"Crime, Drama, Thriller",R,movie,7.2,124 min,Brett Ratner,"Thomas Harris (novel), Ted Tally (screenplay)","Anthony Hopkins, Edward Norton, Ralph Fiennes, Harvey Keitel","English, French","Germany, USA",4 wins & 10 nominations.,"204,843",tt0289765,3.0
16357,2005.0,Hide and Seek,"Drama, Horror, Mystery",R,movie,5.9,101 min,John Polson,Ari Schlossberg,"Robert De Niro, Dakota Fanning, Famke Janssen, Elisabeth Shue",English,"USA, Germany",1 win & 5 nominations.,"70,506",tt0382077,3.0
16380,2004.0,Laws of Attraction,"Comedy, Romance",PG-13,movie,5.9,90 min,Peter Howitt,"Aline Brosh McKenna (story), Aline Brosh McKenna (screenplay), Robert Harling (screenplay)","Pierce Brosnan, Julianne Moore, Michael Sheen, Parker Posey",English,"Ireland, UK, Germany",2 nominations.,"18,916",tt0323033,4.0
16390,2002.0,Panic Room,"Crime, Drama, Thriller",R,movie,6.8,112 min,David Fincher,David Koepp,"Jodie Foster, Kristen Stewart, Forest Whitaker, Dwight Yoakam",English,USA,1 win & 9 nominations.,"208,325",tt0258000,3.0
16565,2001.0,K-Pax,"Drama, Mystery, Sci-Fi",PG-13,movie,7.4,120 min,Iain Softley,"Gene Brewer (novel), Charles Leavitt (screenplay)","Kevin Spacey, Jeff Bridges, Mary McCormack, Alfre Woodard",English,"USA, Germany",3 nominations.,"150,311",tt0272152,4.0
16641,2001.0,Corky Romano,"Comedy, Crime",PG-13,movie,4.6,86 min,Rob Pritts,"David Garrett, Jason Ward","Chris Kattan, Vinessa Shaw, Peter Falk, Peter Berg","English, Vietnamese, Spanish, Thai",USA,1 nomination.,"10,928",tt0250310,3.0
16707,2003.0,Old School,Comedy,R,movie,7.2,88 min,Todd Phillips,"Court Crandall (story), Todd Phillips (story), Scot Armstrong (story), Todd Phillips (screenplay), Scot Armstrong (screenplay)","Luke Wilson, Will Ferrell, Vince Vaughn, Jeremy Piven",English,USA,5 nominations.,"186,697",tt0302886,5.0
16887,2002.0,Paid in Full,"Drama, Action, Crime",R,movie,7.1,97 min,Charles Stone III,"Azie Faison Jr. (earlier screenplay), Austin Phillips (earlier screenplay), Matthew Cirulnick (screenplay), Thulani Davis (screenplay)","Wood Harris, Mekhi Phifer, Kevin Carroll, Esai Morales",English,USA,1 nomination.,"7,197",tt0259484,3.0
16930,2002.0,The Tuxedo,"Action, Comedy, Sci-Fi",PG-13,movie,5.3,98 min,Kevin Donovan,"Phil Hay (story), Matt Manfredi (story), Michael J. Wilson (story), Michael J. Wilson (screenplay), Michael Leeson (screenplay)","Jackie Chan, Jennifer Love Hewitt, Jason Isaacs, Debi Mazar","English, Cantonese",USA,2 wins & 1 nomination.,"62,851",tt0290095,2.0
16969,2001.0,Donnie Darko,"Drama, Sci-Fi, Thriller",R,movie,8.1,113 min,Richard Kelly,Richard Kelly,"Jake Gyllenhaal, Holmes Osborne, Maggie Gyllenhaal, Daveigh Chase",English,USA,11 wins & 15 nominations.,"588,169",tt0246578,3.0
17023,2001.0,Bandits,"Comedy, Crime, Drama",PG-13,movie,6.6,123 min,Barry Levinson,Harley Peyton,"Bruce Willis, Billy Bob Thornton, Cate Blanchett, Troy Garity",English,USA,Nominated for 2 Golden Globes. Another 4 wins & 5 nominations.,"57,343",tt0219965,5.0
17207,2003.0,Veronica Guerin,"Biography, Crime, Drama",R,movie,6.9,98 min,Joel Schumacher,"Carol Doyle (story), Carol Doyle (screenplay), Mary Agnes Donoghue (screenplay)","Cate Blanchett, Gerard McSorley, Ciarán Hinds, Brenda Fricker",English,"Ireland, UK, USA",Nominated for 1 Golden Globe. Another 3 wins & 13 nominations.,"16,295",tt0312549,4.0
17330,2004.0,The Punisher,"Action, Crime, Drama",R,movie,6.5,124 min,Jonathan Hensleigh,"Jonathan Hensleigh, Michael France","A. Russell Andrews, Omar Avila, James Carpinello, Mark Collie",English,"USA, Germany",1 win & 5 nominations.,"124,854",tt0330793,3.0
17358,2002.0,Narc,"Crime, Drama, Mystery",R,movie,7.2,105 min,Joe Carnahan,Joe Carnahan,"Dan Leis, Jason Patric, Lloyd Adams, Meagan Issa","English, Spanish","USA, Canada",1 win & 8 nominations.,"34,311",tt0272207,3.0
17361,2004.0,Johnson Family Vacation,Comedy,PG-13,movie,4.3,97 min,Christopher Erskin,"Todd R. Jones, Earl Richey Jones","Cedric the Entertainer, Vanessa Williams, Solange Knowles, Shad Moss",English,USA,3 nominations.,"5,986",tt0359517,3.0
17387,2002.0,Secretary,"Comedy, Drama, Romance",R,movie,7.1,104 min,Steven Shainberg,"Erin Cressida Wilson (screenplay), Mary Gaitskill (short story), Steven Shainberg (story adaptation), Erin Cressida Wilson (story adaptation)","James Spader, Maggie Gyllenhaal, Jeremy Davies, Lesley Ann Warren",English,USA,Nominated for 1 Golden Globe. Another 15 wins & 25 nominations.,"68,546",tt0274812,4.0
17472,1973.0,Magnum Force,"Action, Crime, Mystery",R,movie,7.2,124 min,Ted Post,"Harry Julian Fink (original material), Rita M. Fink (original material), John Milius (screenplay), Michael Cimino (screenplay), John Milius (story)","Clint Eastwood, Hal Holbrook, Mitchell Ryan, David Soul",English,USA,0,"43,614",tt0070355,2.0
17479,2002.0,The Ring,"Horror, Mystery",PG-13,movie,7.1,115 min,Gore Verbinski,"Ehren Kruger (screenplay), Kôji Suzuki (novel)","Naomi Watts, Martin Henderson, David Dorfman, Brian Cox",English,"USA, Japan",14 wins & 11 nominations.,"253,984",tt0298130,4.0
17508,2000.0,Requiem for a Dream,Drama,R,movie,8.4,102 min,Darren Aronofsky,"Hubert Selby Jr. (based on the book by), Hubert Selby Jr. (screenplay), Darren Aronofsky (screenplay)","Ellen Burstyn, Jared Leto, Jennifer Connelly, Marlon Wayans",English,USA,Nominated for 1 Oscar. Another 32 wins & 61 nominations.,"580,879",tt0180093,4.0
17540,2001.0,Son of the Bride,"Comedy, Drama",R,movie,7.9,123 min,Juan José Campanella,"Juan José Campanella, Fernando Castets","Ricardo Darín, Héctor Alterio, Norma Aleandro, Eduardo Blanco",Spanish,"Argentina, Spain",Nominated for 1 Oscar. Another 34 wins & 10 nominations.,"11,436",tt0292542,1.0
17555,2002.0,The Kid Stays in the Picture,"Documentary, Biography",R,movie,7.4,93 min,"Nanette Burstein, Brett Morgen","Robert Evans (book), Brett Morgen (screen adaptation)","Robert Evans, Eddie Albert, Peter Bart, Charlie Bluhdorn",English,USA,4 wins & 12 nominations.,"6,038",tt0303353,3.0
17559,2001.0,The Deep End,"Crime, Drama, Mystery",R,movie,6.7,101 min,"Scott McGehee, David Siegel","Elisabeth Sanxay Holding (novel), Scott McGehee, David Siegel","Tilda Swinton, Goran Visnjic, Jonathan Tucker, Peter Donat",English,USA,Nominated for 1 Golden Globe. Another 4 wins & 18 nominations.,"9,788",tt0250323,3.0
17589,2000.0,The Cell,"Horror, Sci-Fi, Thriller",R,movie,6.3,107 min,Tarsem Singh,Mark Protosevich,"Jennifer Lopez, Colton James, Dylan Baker, Marianne Jean-Baptiste",English,"USA, Germany",Nominated for 1 Oscar. Another 6 wins & 23 nominations.,"80,347",tt0209958,5.0
17622,2001.0,Vanilla Sky,"Fantasy, Mystery, Romance",R,movie,6.9,136 min,Cameron Crowe,"Alejandro Amenábar (film ""Abre Los Ojos""), Mateo Gil (film ""Abre Los Ojos""), Cameron Crowe (screenplay)","Tom Cruise, Penélope Cruz, Cameron Diaz, Kurt Russell","English, Spanish","USA, Spain",Nominated for 1 Oscar. Another 4 wins & 33 nominations.,"208,438",tt0259711,1.0
17692,2002.0,Scooby-Doo,"Adventure, Comedy, Family",PG,movie,4.9,86 min,Raja Gosnell,"James Gunn (screenplay), Craig Titley (story), James Gunn (story), William Hanna (characters), Joseph Barbera (characters)","Freddie Prinze Jr., Sarah Michelle Gellar, Matthew Lillard, Linda Cardellini",English,"USA, Australia",3 wins & 8 nominations.,"72,235",tt0267913,4.0
17761,2003.0,Levity,"Crime, Drama",R,movie,6.5,100 min,Ed Solomon,Ed Solomon,"Billy Bob Thornton, Morgan Freeman, Holly Hunter, Kirsten Dunst",English,"USA, France",1 win.,"5,777",tt0304328,3.0
17768,2000.0,Epoch,"Action, Drama, Fantasy",,movie,7.1,,Vincent Lee,David Tzeng,"Ho-Sung Pak, T.J. Storm, Robert Alonzo, Stephanie Cheeva",English,USA,0,17,tt0282466,4.0
